{"(0, 0, 0)": 0.5714285708963871, "(0, 0, 1)": 0.7142857145518064, "(0, 1, 0)": 0.40000169910490513, "(0, 1, 1)": 0.6000009682029486, "(1, 0, 0)": 0.7999987173825502, "(1, 1, 0)": 0.666666666045785}